rainfall_mm_hr,soil_moisture_pct,tilt_deg,vegetation_change_pct,satellite_risk_index,landslide_next_6h
92.87,57.89,1.12,26.67,0.741,1
52.67,59.79,3.53,24.44,0.566,0
103.03,71.78,3.31,9.75,0.755,1
83.68,59.26,4.18,24.81,0.863,1
11.3,28.81,2.24,33.19,0.244,1
117.07,80.36,0.26,3.2,0.97,1
91.34,73.5,4.92,11.42,0.993,1
94.33,55.45,2.99,8.21,0.605,1
15.37,19.42,5.21,13.76,0.178,1
54.05,62.58,0.87,25.98,0.423,0
44.5,40.08,0.11,16.6,0.234,0
111.21,58.04,1.99,19.98,0.92,1
77.26,65.09,3.65,11.0,0.792,1
98.73,74.99,3.15,4.95,1.0,1
53.21,30.58,6.48,9.34,0.675,0
27.27,40.02,3.02,30.09,0.416,0
66.55,63.77,4.24,21.08,0.859,1
7.66,32.94,4.75,13.23,0.394,0
99.32,77.28,0.17,27.65,0.769,1
75.8,42.26,4.12,2.26,0.862,1
90.97,69.91,2.76,8.89,0.812,1
42.54,40.51,3.37,8.05,0.446,0
116.48,71.62,0.8,34.49,0.753,1
107.17,83.68,6.26,24.71,1.0,1
93.41,84.78,7.54,21.62,1.0,1
23.36,57.04,0.18,0.17,0.308,0
56.01,65.98,4.81,6.45,0.849,1
5.26,26.05,6.11,22.24,0.121,0
18.51,37.56,2.28,13.29,0.302,0
81.97,71.09,6.3,32.35,0.894,1
89.37,66.67,5.06,26.77,0.784,1
116.1,78.81,7.43,15.66,1.0,1
39.1,52.48,7.85,26.23,0.676,1
44.46,44.29,0.34,34.14,0.335,1
56.35,41.6,3.56,16.13,0.566,0
22.74,30.26,4.38,22.49,0.149,0
15.59,39.62,1.17,32.15,0.166,0
57.08,50.72,2.69,8.7,0.68,0
27.23,41.34,7.9,31.03,0.515,1
80.38,69.21,0.13,3.41,0.538,1
52.46,44.11,3.62,22.7,0.711,0
99.92,79.04,6.74,27.4,1.0,1
84.03,67.36,2.59,21.51,0.81,1
37.48,27.05,3.84,17.34,0.377,1
99.87,87.25,7.82,21.61,1.0,1
96.57,62.45,3.8,5.31,0.746,1
46.5,26.06,1.05,7.54,0.242,0
34.6,28.03,0.41,9.45,0.158,0
81.9,49.6,7.56,20.92,0.803,1
16.77,33.17,2.13,15.47,0.155,0
23.99,32.51,4.03,8.56,0.202,0
0.88,21.36,0.73,30.9,0.131,0
94.43,74.93,3.39,13.09,0.886,1
79.78,64.98,7.44,15.61,1.0,0
84.62,66.87,4.02,14.34,0.727,1
93.69,72.08,7.77,6.37,1.0,1
55.07,57.18,2.07,25.61,0.586,1
68.25,30.42,4.04,15.7,0.574,1
16.78,28.18,6.88,0.57,0.542,0
13.74,5.02,3.59,33.74,0.322,0
80.21,61.53,2.24,28.55,0.735,1
56.53,50.38,6.84,25.32,0.694,1
67.83,68.07,3.12,30.42,0.648,1
91.8,80.56,4.25,31.74,0.733,1
76.17,61.71,7.81,11.81,0.802,1
66.43,48.89,1.49,21.38,0.48,0
67.1,61.02,2.41,21.31,0.5,0
36.47,35.08,0.25,9.36,0.362,0
3.7,26.65,3.13,7.77,0.376,0
52.41,60.42,1.6,3.99,0.419,0
25.75,29.89,5.44,23.08,0.48,0
49.02,56.73,1.45,27.33,0.368,0
102.41,79.21,5.4,26.63,0.955,1
28.07,26.18,2.11,11.07,0.229,0
7.0,39.84,2.84,7.18,0.354,0
33.77,48.58,2.79,15.88,0.361,0
35.23,42.08,5.73,19.14,0.667,1
79.43,51.6,3.73,32.17,0.689,1
66.84,44.77,2.89,30.62,0.521,0
94.07,60.88,6.82,32.06,0.796,1
79.72,67.38,4.58,29.76,0.837,1
48.77,35.48,1.71,33.76,0.538,0
97.68,74.21,7.2,16.29,1.0,1
20.04,19.12,2.74,1.66,0.542,0
2.73,23.78,0.31,2.92,0.277,0
10.81,31.18,3.96,13.66,0.279,0
86.68,93.35,0.99,9.02,0.746,1
55.43,33.41,1.91,5.95,0.521,1
19.35,51.37,5.98,33.36,0.407,1
60.13,53.85,1.05,6.84,0.662,0
18.28,38.16,6.46,33.58,0.52,0
83.56,64.02,7.5,26.63,0.962,1
53.54,54.43,4.85,22.43,0.726,1
45.72,43.73,5.68,23.66,0.808,0
36.18,58.73,5.71,11.6,0.626,0
75.63,53.56,7.94,22.62,0.861,1
43.42,58.12,2.73,6.53,0.701,0
10.52,22.0,1.3,32.82,0.294,0
14.16,30.65,4.15,10.56,0.301,0
115.43,64.08,4.27,8.93,0.962,1
109.03,79.52,1.42,24.89,0.891,1
83.96,80.13,4.9,22.98,0.927,1
31.9,38.43,0.11,15.8,0.129,0
116.3,74.97,7.42,22.14,0.943,1
93.45,53.68,2.12,5.58,0.624,0
86.03,60.96,0.32,23.57,0.53,0
53.92,30.15,0.87,9.47,0.328,0
32.67,28.75,1.92,9.55,0.412,0
11.57,32.93,2.19,5.68,0.235,0
108.31,89.57,0.26,11.63,0.874,1
54.69,83.32,2.23,11.59,0.494,1
24.28,28.89,1.54,15.9,0.224,0
36.71,58.75,3.03,6.66,0.571,0
69.51,59.2,3.08,6.76,0.74,1
21.21,32.73,2.71,18.96,0.237,0
102.79,76.45,2.62,4.51,0.893,1
91.02,66.7,0.72,24.11,0.97,1
86.34,65.18,0.2,33.04,0.655,1
51.85,43.43,1.62,14.94,0.386,0
75.28,42.1,6.05,31.54,0.738,0
70.09,38.02,7.93,3.44,0.805,0
77.98,67.93,7.43,1.5,0.895,1
10.13,26.24,4.03,25.25,0.296,0
49.9,40.3,4.25,26.64,0.381,0
4.99,27.35,2.52,29.51,0.101,0
59.28,61.21,6.19,1.99,0.73,1
39.58,44.98,6.12,27.19,0.573,1
17.34,24.93,6.75,13.18,0.372,0
12.41,45.3,7.16,10.62,0.478,0
70.52,75.68,3.47,6.06,0.751,1
20.47,40.15,6.14,34.86,0.588,0
111.01,86.64,6.45,2.23,1.0,1
69.73,71.28,2.47,28.95,0.733,1
41.62,57.29,7.43,22.38,0.631,1
70.91,64.28,0.75,25.73,0.668,1
2.74,33.41,7.95,24.91,0.488,0
115.03,83.0,6.16,30.05,1.0,1
57.88,37.88,0.75,6.43,0.531,0
93.93,75.68,5.25,0.03,1.0,1
9.93,13.2,0.27,20.95,0.093,0
58.4,41.74,6.16,12.39,0.707,1
58.88,67.14,6.39,4.33,0.902,1
112.54,85.73,4.82,6.51,0.963,1
68.61,73.72,6.85,11.61,0.788,1
56.82,47.31,0.78,2.46,0.495,1
32.04,25.59,2.21,1.99,0.384,0
39.79,40.02,3.31,32.06,0.366,0
62.48,54.34,0.34,10.92,0.498,1
52.67,49.65,3.59,34.38,0.561,0
2.59,39.77,2.12,33.75,0.0,0
99.16,65.28,3.14,4.99,0.813,1
107.54,77.62,3.4,25.02,0.914,1
16.83,20.71,7.04,21.03,0.415,0
66.48,60.32,2.16,24.17,0.79,0
13.03,30.9,7.15,3.37,0.308,1
80.67,52.3,3.41,6.6,0.615,1
33.75,37.36,2.62,2.68,0.085,0
79.13,58.4,4.02,21.14,0.693,0
87.24,61.02,3.34,34.53,0.726,1
92.24,87.76,2.06,23.52,0.775,1
12.93,29.64,4.02,24.88,0.457,0
109.92,71.54,1.21,34.46,0.94,1
27.63,12.26,2.82,23.73,0.301,0
4.49,16.29,4.53,1.41,0.213,0
66.58,51.81,3.31,30.35,0.761,1
44.51,36.8,6.59,12.76,0.606,0
99.57,86.39,2.05,0.15,0.77,0
96.99,66.67,7.76,17.75,0.812,1
38.06,57.59,6.28,32.8,0.58,1
114.35,77.2,7.74,9.01,1.0,1
34.91,41.16,6.71,17.2,0.853,0
61.81,51.75,1.14,6.08,0.534,1
30.72,38.87,4.21,2.02,0.36,1
112.33,96.17,1.36,2.82,0.794,1
19.75,6.05,6.55,25.45,0.447,0
5.39,3.41,4.67,30.24,0.013,0
52.21,41.98,2.11,5.02,0.551,0
119.09,78.76,7.44,10.09,1.0,1
107.0,81.43,0.92,6.83,0.896,1
89.83,71.1,4.51,0.94,0.84,1
106.9,68.49,5.77,19.37,1.0,1
107.21,85.47,0.47,24.5,0.86,1
62.26,65.38,4.78,22.68,0.627,1
37.91,44.27,6.53,13.58,0.82,0
92.64,78.24,0.54,19.43,0.703,1
79.4,64.0,4.1,3.29,0.867,1
44.84,38.44,2.07,5.4,0.145,0
11.34,38.48,5.3,32.61,0.55,0
89.61,66.65,0.95,26.65,0.884,1
31.5,39.19,7.5,32.3,0.592,1
112.42,93.26,7.16,32.08,1.0,1
28.92,8.6,1.49,22.73,0.3,0
14.73,14.62,2.59,32.49,0.149,0
99.73,55.64,4.7,14.58,0.938,1
18.39,28.92,5.74,0.13,0.321,0
21.51,31.63,3.54,2.19,0.282,0
71.93,39.28,1.25,3.83,0.676,0
104.95,60.4,0.83,3.34,0.876,1
23.57,25.28,8.0,12.31,0.437,0
37.24,71.25,3.64,24.54,0.481,0
93.29,88.6,6.98,27.67,0.964,1
116.62,72.54,3.86,20.66,1.0,1
60.09,47.68,7.38,5.13,0.635,1
17.27,18.98,0.7,26.18,0.22,0
1.67,2.85,0.91,12.42,0.144,0
27.56,36.0,7.44,0.45,0.545,0
15.82,20.14,7.58,9.82,0.571,0
81.32,60.58,2.52,11.57,0.673,1
14.62,12.38,2.84,9.6,0.202,0
60.76,43.2,3.62,28.42,0.475,0
83.31,64.27,3.33,26.6,0.886,1
69.73,60.77,1.52,24.34,0.52,0
23.97,40.8,7.19,4.87,0.585,1
96.49,52.58,2.03,28.27,0.73,1
85.85,73.89,5.64,23.7,0.775,1
88.68,55.3,0.54,6.82,0.576,0
15.73,39.67,0.31,22.68,0.389,0
14.85,31.56,5.23,16.92,0.413,0
111.31,58.57,2.71,15.38,0.739,1
47.71,42.67,5.24,3.92,0.627,1
36.11,45.64,0.75,18.14,0.345,0
58.63,58.74,7.6,3.5,1.0,1
79.54,59.1,5.99,5.75,0.868,0
114.67,94.99,7.01,4.64,1.0,1
34.37,52.56,1.09,33.39,0.561,0
110.98,71.86,2.56,9.97,0.676,1
2.98,35.34,2.95,12.43,0.262,0
66.62,78.19,4.3,11.27,1.0,0
76.08,82.76,2.37,31.44,0.737,1
12.71,15.98,0.49,19.7,0.0,0
16.84,21.46,2.95,32.17,0.226,0
50.29,65.45,2.04,10.5,0.726,1
115.95,64.48,3.09,4.02,0.963,1
71.53,41.32,1.58,19.47,0.458,0
111.96,69.55,2.1,12.09,0.793,1
96.52,73.48,5.02,28.07,0.861,1
56.09,49.01,3.11,30.78,0.611,1
94.17,59.57,2.76,16.54,0.941,1
2.14,17.87,4.27,34.0,0.367,0
13.1,22.35,6.17,19.36,0.442,1
99.53,59.24,3.03,9.48,0.657,1
95.62,95.41,4.7,17.11,0.825,0
27.92,41.13,7.73,1.31,0.65,0
63.69,64.3,4.18,28.14,0.538,1
72.72,51.86,7.28,3.55,0.801,1
104.13,69.63,6.35,10.81,1.0,1
72.37,49.01,0.47,19.79,0.407,0
49.51,15.46,3.43,1.5,0.313,0
44.9,28.67,5.59,2.78,0.532,0
51.11,26.27,7.89,24.36,0.719,1
78.23,33.21,3.67,2.51,0.776,1
104.1,57.5,0.74,16.7,0.815,0
54.47,65.41,4.5,11.85,0.679,0
29.74,37.85,1.01,7.98,0.226,0
28.4,53.27,6.01,6.61,0.432,0
89.52,70.22,4.06,26.72,0.783,0
97.99,78.49,5.79,33.3,1.0,1
12.63,19.87,6.95,4.91,0.448,0
7.99,34.88,5.03,33.59,0.105,0
71.33,65.84,4.9,20.82,0.678,1
17.54,25.97,6.04,22.46,0.56,0
98.96,76.25,6.74,24.85,1.0,1
37.24,48.55,6.95,24.64,0.456,0
17.26,26.17,0.29,28.69,0.468,0
110.52,61.26,4.45,16.92,0.931,1
19.86,19.73,1.73,18.67,0.28,1
34.17,41.41,6.88,11.33,0.632,0
18.43,37.22,5.19,3.68,0.38,0
13.86,21.73,3.36,23.26,0.189,0
2.54,26.46,1.5,1.18,0.416,0
6.65,34.84,2.71,9.65,0.378,0
20.96,41.85,5.63,3.3,0.568,0
6.41,46.51,1.63,6.68,0.322,0
70.94,72.25,0.75,22.36,0.505,1
81.69,49.74,7.1,22.0,1.0,1
47.24,66.46,6.11,14.74,0.601,1
38.16,35.8,1.6,3.16,0.408,0
60.54,64.78,2.34,15.17,0.415,0
105.0,73.07,7.78,12.35,0.835,1
102.14,66.02,5.67,25.22,0.996,1
5.22,5.66,4.88,20.27,0.143,0
21.78,32.74,2.46,17.2,0.078,0
28.41,19.07,2.39,17.04,0.366,0
29.93,50.07,0.32,33.82,0.584,0
68.55,74.05,5.83,26.47,0.989,1
49.95,37.92,0.35,17.39,0.359,0
5.91,31.28,0.04,16.77,0.136,0
44.83,36.47,5.84,0.93,0.686,0
62.85,45.74,7.59,32.99,0.905,1
12.2,39.78,6.05,11.17,0.394,0
100.02,69.54,3.77,8.96,0.887,1
6.24,48.68,3.89,34.98,0.385,0
110.98,69.15,3.49,25.15,0.991,1
11.89,42.34,2.6,1.66,0.289,0
101.23,71.72,4.17,2.17,0.898,1
108.32,83.29,3.45,0.89,1.0,1
117.55,72.53,4.79,20.99,1.0,1
96.24,67.71,7.18,2.5,1.0,1
93.54,65.71,7.96,32.67,1.0,1
77.1,49.66,0.63,32.79,0.53,0
93.48,75.01,3.08,19.11,1.0,1
16.15,40.07,1.45,21.58,0.337,0
64.33,61.07,2.82,10.22,1.0,1
61.71,71.21,2.3,2.24,0.495,0
102.91,88.7,1.4,25.81,0.783,1
55.54,45.49,6.11,3.56,0.724,0
46.21,50.27,3.97,2.99,0.605,1
76.75,52.05,7.35,10.89,1.0,1
31.98,39.67,0.26,0.44,0.222,0
16.77,25.35,0.54,15.19,0.298,0
57.35,70.25,3.23,24.77,0.789,0
50.03,51.88,0.64,28.05,0.533,0
27.91,34.94,2.1,21.15,0.225,0
44.1,59.17,7.89,29.64,0.902,0
43.97,18.74,1.67,14.23,0.497,1
39.3,18.52,1.58,29.71,0.394,0
45.54,55.04,4.59,17.73,0.619,0
82.29,62.76,3.98,7.81,0.807,1
35.63,44.04,4.64,33.05,0.501,1
113.86,60.32,3.01,9.62,0.968,1
109.96,74.2,6.61,0.92,1.0,1
57.71,75.01,1.11,8.49,0.481,0
39.4,52.62,3.43,12.83,0.384,1
64.25,55.95,5.52,12.3,0.638,0
101.83,65.55,6.95,18.36,1.0,1
78.31,55.5,2.96,30.91,0.692,1
96.53,42.89,4.54,10.23,0.833,1
63.93,56.86,0.55,18.23,0.591,1
75.95,69.32,1.36,11.9,0.59,1
34.58,21.65,0.55,28.76,0.443,0
88.19,56.75,5.82,5.52,0.831,0
24.29,22.04,2.3,3.62,0.235,0
83.38,50.93,5.79,17.6,0.876,1
103.29,72.12,0.53,23.52,0.558,1
15.85,7.12,6.9,27.84,0.284,0
73.73,65.55,6.68,20.64,0.972,1
11.41,39.18,0.71,27.08,0.008,0
87.09,61.18,0.19,13.74,0.781,1
10.14,0.0,0.45,1.15,0.25,0
112.31,63.58,6.83,4.06,1.0,1
16.49,47.21,1.88,1.36,0.35,0
115.07,43.44,4.39,11.51,1.0,1
96.11,64.08,3.41,17.34,0.775,1
71.24,42.9,6.36,12.47,0.858,1
93.91,76.92,3.91,19.62,0.802,1
95.41,59.83,4.01,16.82,0.779,1
113.52,80.93,7.91,23.73,1.0,1
30.41,45.47,1.2,23.34,0.393,0
70.81,78.9,6.65,11.13,1.0,0
11.41,27.7,0.41,12.12,0.144,0
73.94,62.79,3.82,20.48,0.579,1
20.55,16.43,7.09,20.88,0.311,1
67.79,69.79,5.32,11.01,0.832,1
68.69,46.79,5.48,11.56,0.94,1
55.92,43.43,2.11,24.29,0.556,0
62.72,52.96,3.35,22.66,0.578,0
91.67,47.5,2.93,4.73,0.826,1
95.91,70.9,4.17,15.44,0.854,1
59.06,63.19,3.7,31.24,0.608,1
71.95,60.89,2.62,1.27,0.552,0
111.75,56.22,2.44,29.93,1.0,1
14.37,29.98,2.01,5.71,0.0,0
14.05,40.23,2.92,17.75,0.417,0
10.53,7.2,1.2,14.85,0.069,0
78.94,47.63,6.98,0.35,0.783,1
50.23,58.12,4.82,32.04,0.841,1
92.92,70.05,1.07,15.92,0.655,1
80.55,66.19,5.55,33.4,0.764,1
40.04,65.33,6.78,10.04,0.674,0
107.8,79.13,1.9,30.32,0.928,1
91.5,74.07,1.2,32.28,0.7,1
32.46,72.14,0.07,19.49,0.217,0
43.7,42.1,0.38,7.09,0.27,0
37.73,32.41,6.1,23.98,0.694,1
18.91,38.64,7.9,19.21,0.548,0
17.73,38.25,0.36,33.06,0.285,0
112.34,69.23,5.98,15.37,1.0,1
52.55,36.26,0.57,9.4,0.327,0
46.0,73.42,4.74,4.84,0.866,1
87.56,68.33,6.05,24.45,0.885,1
66.36,46.07,2.87,34.09,0.547,0
112.34,86.54,0.09,0.99,0.985,1
93.64,65.83,4.76,25.92,0.791,1
57.52,47.85,7.93,32.44,0.693,0
45.16,52.07,2.06,2.62,0.483,0
118.4,62.78,1.52,3.86,0.862,0
86.13,67.99,0.99,24.22,0.728,0
114.14,99.32,4.44,22.68,1.0,1
14.22,36.99,4.77,2.41,0.426,0
102.06,66.41,6.34,29.2,0.7,1
76.45,53.32,6.02,18.32,0.84,1
14.63,26.66,7.14,31.75,0.452,0
70.59,53.72,6.45,30.73,0.795,1
82.33,57.52,1.98,28.44,0.712,0
1.48,36.66,4.45,18.06,0.304,0
54.52,28.73,2.38,8.81,0.457,0
99.05,79.92,2.64,17.71,0.941,1
35.44,36.39,7.46,3.53,0.532,1
55.03,54.28,5.46,23.06,0.561,1
53.08,35.36,7.8,4.69,1.0,1
36.23,57.25,3.34,17.89,0.419,1
110.21,89.54,4.3,1.9,1.0,1
93.76,78.7,3.9,10.48,0.708,1
13.27,12.79,0.86,8.12,0.157,0
119.64,88.79,1.89,21.7,0.858,1
105.5,77.34,4.22,27.54,0.901,1
34.07,21.07,0.54,2.01,0.388,0
100.43,69.9,7.45,29.76,1.0,1
12.77,35.12,0.99,30.13,0.289,0
119.89,85.62,1.58,11.98,0.736,1
79.88,63.07,6.12,23.07,1.0,1
78.02,63.6,0.78,14.09,0.49,1
10.85,47.57,7.2,5.4,0.684,0
107.64,88.15,5.81,18.5,1.0,1
3.48,0.0,0.55,3.02,0.109,0
28.9,34.2,5.53,30.75,0.377,0
17.16,30.75,5.05,32.35,0.409,0
93.21,45.92,6.06,28.76,0.805,1
23.78,36.83,6.63,19.69,0.51,0
109.28,89.16,5.75,19.52,1.0,1
78.75,47.4,4.69,34.46,0.495,1
4.34,30.99,2.58,8.68,0.363,0
0.65,14.3,5.58,2.66,0.264,0
6.2,19.73,7.66,19.67,0.345,0
72.71,75.45,4.7,11.51,0.736,1
96.18,61.77,5.31,11.28,0.942,1
28.63,43.43,3.5,0.25,0.321,0
101.93,48.41,6.05,20.87,0.642,1
6.87,50.44,7.98,9.24,0.571,0
96.12,75.48,1.28,6.58,0.846,1
111.34,72.91,1.62,1.42,0.841,1
92.65,73.6,4.32,12.75,0.743,0
83.77,45.78,3.85,30.76,0.736,1
100.56,84.44,4.57,11.78,0.791,1
4.82,23.28,0.39,23.77,0.0,0
24.21,33.45,3.23,26.48,0.272,0
14.99,25.85,4.66,11.48,0.449,0
60.54,45.28,4.68,28.76,0.597,0
89.42,73.58,5.26,24.22,0.849,0
75.6,62.09,5.76,19.57,1.0,1
102.14,78.78,5.13,0.03,1.0,1
18.63,33.28,6.32,1.23,0.498,0
88.15,70.83,5.0,34.68,0.832,1
23.16,30.4,4.3,27.38,0.318,0
32.49,66.38,4.85,32.81,0.315,1
85.19,44.52,0.81,31.58,0.723,0
117.62,93.06,2.19,0.72,1.0,1
73.39,74.44,4.22,27.71,0.762,1
6.54,17.72,6.98,15.79,0.355,0
73.96,85.03,5.43,27.63,0.959,1
5.08,39.23,0.72,0.24,0.0,0
106.1,84.4,4.74,10.09,0.931,1
85.15,63.65,1.77,26.3,0.573,1
20.78,31.74,5.87,27.76,0.657,1
11.01,27.44,6.62,21.69,0.516,0
22.02,39.6,4.75,10.54,0.168,1
117.6,94.74,4.73,10.86,0.911,1
55.03,51.94,2.71,33.84,0.541,0
94.09,56.4,3.57,15.37,0.745,1
76.37,69.26,6.91,15.65,0.73,1
68.69,66.96,5.79,19.33,1.0,1
17.42,40.69,4.16,14.33,0.427,0
113.52,85.03,2.95,19.34,1.0,1
36.16,38.02,0.4,15.13,0.241,0
69.36,45.07,1.14,28.94,0.629,0
83.97,52.37,1.54,31.82,0.611,1
77.91,40.43,2.99,32.62,0.61,1
112.87,78.64,7.55,19.75,1.0,1
17.81,32.01,4.04,15.48,0.162,0
61.0,47.17,1.88,24.68,0.729,0
48.48,11.35,0.85,29.34,0.336,0
56.9,35.64,2.71,19.7,0.665,0
14.31,44.89,6.53,24.5,0.353,0
16.09,24.27,3.07,26.24,0.173,0
33.37,44.34,6.18,23.67,0.422,1
36.56,24.77,6.42,26.11,0.552,0
51.35,65.37,0.89,7.3,0.518,0
73.32,56.26,4.87,17.44,0.693,1
76.16,62.75,7.67,20.59,0.775,1
49.42,75.15,3.22,0.09,0.474,0
49.05,65.27,0.41,29.96,0.473,0
26.12,33.07,7.39,21.35,0.48,0
70.6,49.65,7.07,4.52,0.719,1
38.04,38.21,4.18,28.57,0.67,0
4.33,33.07,4.42,25.1,0.299,0
50.21,46.33,1.69,26.54,0.626,0
56.9,45.86,6.56,13.72,0.636,1
27.07,54.79,3.99,29.9,0.507,1
68.69,54.54,0.27,14.49,0.529,1
67.89,83.15,5.46,19.97,0.631,1
84.24,64.0,7.6,0.02,1.0,1
77.75,81.41,6.63,22.57,0.909,1
78.29,64.52,2.22,25.14,0.785,1
37.95,53.63,0.43,19.85,0.295,0
94.49,58.83,7.52,17.38,0.95,1
65.9,44.41,7.5,28.35,0.673,1
51.77,53.81,4.26,23.85,0.757,0
75.12,70.67,5.14,9.73,0.854,1
43.28,44.96,3.7,33.57,0.558,0
61.53,37.25,3.36,24.75,0.729,1
88.4,48.46,0.96,34.58,0.781,1
106.37,55.74,0.77,33.99,0.84,1
110.53,53.53,1.86,32.16,0.635,1
60.44,53.51,6.69,26.44,0.665,1
62.43,66.6,1.17,21.33,0.46,0
95.98,68.03,1.81,6.03,0.867,0
37.73,14.86,4.39,19.02,0.434,0
100.49,67.93,1.72,26.79,0.631,1
59.3,49.73,1.31,18.23,0.492,0
13.9,56.41,4.51,30.39,0.259,0
8.65,11.41,2.94,3.84,0.193,0
101.04,65.78,5.01,13.33,0.726,1
6.67,48.47,7.3,17.71,0.55,0
33.67,45.55,1.21,15.13,0.414,0
40.1,49.8,7.31,3.8,0.888,0
20.76,35.72,7.22,5.37,0.613,0
37.67,45.91,6.63,29.32,0.556,0
89.12,74.44,5.05,16.95,0.994,1
1.76,16.08,4.96,1.71,0.093,0
99.26,80.2,5.11,0.58,0.853,1
102.79,54.78,5.52,16.57,0.957,1
44.67,49.04,0.13,5.75,0.133,0
18.43,35.44,7.66,24.68,0.512,0
72.1,50.05,4.68,27.84,0.592,0
14.36,31.19,6.25,7.99,0.438,0
43.79,37.24,3.02,20.73,0.334,0
115.01,63.89,0.1,5.41,0.843,1
119.46,74.51,4.08,10.63,1.0,1
92.65,53.45,4.06,31.11,0.972,1
37.32,45.67,3.5,19.04,0.479,0
82.52,48.33,2.72,31.01,0.59,1
84.65,71.64,2.0,7.88,0.712,1
46.54,31.77,4.22,11.55,0.346,1
76.91,52.81,3.0,16.48,0.729,1
1.29,18.08,7.76,16.8,0.448,0
25.09,52.19,1.38,34.92,0.651,1
63.01,57.32,2.56,4.01,0.534,1
19.65,31.3,2.35,29.82,0.265,0
19.91,39.94,4.35,30.23,0.337,0
100.36,44.87,3.99,19.36,0.837,1
118.7,77.9,5.15,12.04,1.0,1
66.72,78.99,7.6,18.17,0.894,1
100.69,71.9,2.28,10.24,0.965,1
118.84,79.29,5.54,27.97,1.0,1
16.99,39.22,0.2,17.44,0.342,0
53.79,59.95,2.1,32.4,0.617,1
47.11,22.23,3.71,21.79,0.457,0
9.61,9.13,0.25,18.0,0.051,0
90.64,68.31,4.94,24.89,1.0,1
52.05,39.85,5.43,17.64,0.512,0
56.32,66.09,5.97,31.66,0.777,0
18.08,29.35,4.13,6.46,0.264,0
21.71,11.56,4.83,34.07,0.555,0
108.85,58.77,3.17,28.43,0.973,1
5.36,0.0,0.33,30.13,0.0,0
27.94,34.76,0.8,16.9,0.349,0
35.05,38.51,5.24,29.3,0.544,0
58.82,46.38,7.96,10.74,0.705,1
70.37,69.61,0.13,26.67,0.68,1
59.19,66.02,4.46,4.92,0.741,1
10.09,27.5,6.01,10.75,0.408,0
29.24,12.54,6.61,15.6,0.448,1
101.23,77.96,4.36,11.28,0.992,1
76.51,66.09,4.96,13.55,0.829,1
77.9,63.77,5.57,28.7,0.832,1
80.42,72.97,6.87,8.98,0.843,1
91.55,52.22,0.98,26.08,0.874,1
6.97,52.24,7.41,2.58,0.379,0
43.99,33.28,0.21,26.8,0.391,0
64.74,63.13,6.69,27.72,0.763,1
40.61,23.03,0.61,14.06,0.516,0
101.34,59.44,1.56,25.29,0.659,1
57.91,69.26,0.03,32.03,0.433,0
92.24,63.38,3.56,28.02,0.699,1
102.24,81.09,2.67,13.67,0.927,1
60.57,55.1,1.33,16.95,0.375,0
109.15,72.86,3.61,27.28,0.876,1
70.45,73.07,3.22,10.24,0.466,1
102.03,68.07,6.14,28.14,1.0,1
40.87,22.02,7.15,11.48,0.504,0
59.86,42.3,5.22,28.21,0.471,0
63.77,60.31,1.0,3.04,0.69,1
12.6,35.42,2.36,1.55,0.119,0
47.83,27.72,7.31,34.92,0.719,1
110.08,65.84,0.71,30.43,0.714,1
75.7,52.08,3.25,30.9,0.874,1
21.3,30.2,7.54,33.29,0.599,1
40.66,26.79,7.61,15.34,0.476,0
22.99,27.81,3.29,10.04,0.229,0
2.98,17.6,5.34,4.55,0.36,0
111.3,84.34,3.65,17.54,0.952,1
53.78,58.91,6.03,7.7,0.686,1
36.9,39.86,0.25,32.74,0.48,0
71.82,52.61,1.15,0.14,0.491,0
0.88,27.07,4.91,5.01,0.302,0
33.36,30.21,1.86,8.63,0.456,0
84.36,49.2,5.33,6.96,0.896,1
76.05,47.94,2.81,7.9,0.633,1
117.82,70.4,7.09,22.96,1.0,1
74.44,44.54,6.55,11.46,0.574,1
57.3,52.73,3.94,21.53,0.493,1
91.37,74.87,6.18,31.16,0.992,1
108.4,54.73,2.17,21.09,0.795,1
86.48,64.22,3.95,24.31,0.814,1
115.59,74.37,1.58,12.79,1.0,1
93.84,71.33,6.89,5.59,0.84,1
104.02,71.65,6.58,11.22,0.994,1
13.69,13.72,7.22,33.75,0.426,0
87.89,49.4,7.02,21.76,0.8,1
52.81,49.12,7.68,9.71,0.907,0
66.37,67.21,1.83,15.78,0.738,1
78.49,33.75,7.45,29.24,0.838,1
116.38,81.52,4.57,23.4,1.0,1
118.15,92.44,3.38,19.62,0.854,1
34.59,38.73,4.48,30.98,0.48,0
88.05,71.23,2.74,23.54,0.831,0
90.0,57.06,2.31,22.5,0.623,0
41.58,42.28,1.93,6.64,0.462,0
14.86,12.24,0.66,3.72,0.009,0
4.91,0.0,3.97,33.78,0.266,0
93.28,78.29,7.1,20.96,1.0,1
58.76,39.62,5.04,14.55,0.66,0
118.26,72.75,4.17,20.62,0.778,1
55.8,33.47,3.43,2.16,0.412,0
117.35,60.89,3.72,28.77,1.0,1
49.39,45.14,1.67,7.58,0.467,0
95.24,59.1,6.58,28.16,0.613,1
10.18,34.12,1.59,18.7,0.377,0
66.66,60.43,5.73,9.68,0.78,0
96.25,72.16,6.08,1.06,0.867,1
110.96,77.8,4.6,28.55,1.0,1
98.71,88.35,6.9,6.18,0.983,1
4.44,14.19,2.33,1.81,0.08,0
44.72,44.47,7.05,26.46,0.697,1
5.84,41.22,5.84,12.25,0.614,1
13.11,46.08,6.39,13.63,0.67,0
81.04,44.41,5.32,8.65,0.809,1
85.59,59.77,6.77,30.07,0.953,1
92.85,83.08,7.94,10.41,1.0,1
103.85,77.83,3.36,7.36,0.762,1
88.73,67.27,6.51,10.82,1.0,1
96.1,65.63,5.96,7.11,0.849,1
5.88,23.04,3.62,11.12,0.289,0
28.14,41.12,7.42,2.9,0.547,0
74.63,55.55,3.16,5.55,0.745,1
102.98,70.83,4.52,14.6,0.946,1
0.54,26.19,0.85,30.78,0.0,0
61.76,44.65,1.81,2.01,0.551,1
81.27,67.96,6.73,7.44,0.979,1
3.55,61.57,3.17,31.79,0.403,0
48.16,25.35,3.15,31.15,0.439,0
107.48,77.25,1.97,23.78,1.0,1
80.59,52.14,3.93,8.42,0.771,0
28.52,44.76,6.45,14.69,0.602,1
102.33,71.61,7.16,7.39,1.0,1
41.76,52.94,0.56,4.5,0.451,0
102.4,85.19,4.6,13.3,0.872,1
35.87,43.45,3.74,20.15,0.181,0
70.84,70.46,4.91,12.6,0.728,1
47.63,18.3,3.58,21.38,0.534,0
32.98,58.93,3.19,10.37,0.447,0
106.39,77.37,3.78,12.1,1.0,1
22.51,48.06,4.66,27.67,0.477,0
10.18,14.94,4.01,30.74,0.416,0
41.03,33.49,3.78,11.27,0.432,0
86.12,65.5,6.54,20.0,0.967,1
96.89,68.4,5.97,9.74,1.0,1
119.85,82.33,2.73,1.87,1.0,1
35.56,54.02,6.4,25.83,0.409,0
48.95,25.85,6.83,5.99,0.549,1
16.42,44.07,1.23,14.9,0.38,0
68.98,56.14,4.66,17.05,0.904,0
119.71,76.42,2.28,6.46,0.973,1
84.11,45.19,5.91,3.31,0.773,1
71.43,63.18,1.91,12.18,0.735,1
47.08,17.22,5.37,33.33,0.612,1
109.84,82.21,2.04,21.53,0.862,0
59.63,33.93,4.09,13.35,0.614,0
16.12,32.9,7.59,1.36,0.636,0
43.85,43.3,3.05,21.01,0.712,1
8.06,42.66,7.01,3.23,0.552,0
24.24,33.76,7.9,18.99,0.555,0
2.12,17.62,7.0,26.32,0.343,0
54.39,43.4,1.33,14.83,0.537,1
76.14,74.54,6.56,10.48,0.878,1
41.2,49.97,0.26,1.66,0.406,0
50.45,43.07,3.15,0.87,0.395,0
115.11,73.96,6.97,15.05,1.0,1
90.24,46.8,5.51,30.92,0.691,1
64.9,58.87,4.26,8.54,0.639,1
34.14,19.25,3.1,20.09,0.371,0
107.64,82.46,6.5,23.95,1.0,1
28.21,39.24,5.68,2.13,0.448,1
39.04,71.21,3.75,5.36,0.503,0
109.09,60.89,7.14,11.59,0.968,1
63.55,52.36,1.84,23.45,0.765,1
89.08,86.66,1.36,15.37,0.451,1
70.89,71.2,5.14,25.7,0.677,0
78.41,51.93,7.78,30.37,1.0,1
35.93,43.85,1.98,26.54,0.476,0
28.96,38.06,2.0,34.73,0.219,0
38.7,45.8,1.12,26.4,0.386,0
18.65,25.01,6.88,29.83,0.46,1
104.92,71.14,1.81,29.13,0.936,1
33.99,21.12,4.03,25.56,0.622,0
67.38,56.94,7.93,28.06,0.89,1
95.04,73.17,0.1,32.71,0.658,0
94.06,64.6,4.45,16.63,0.958,0
52.61,29.29,4.1,22.34,0.441,1
57.15,62.58,6.46,18.02,0.629,1
119.36,83.09,2.84,29.79,0.776,1
80.95,52.72,3.28,15.1,0.524,0
97.76,65.62,1.34,28.69,0.654,1
108.31,55.73,5.93,27.98,0.823,1
94.51,55.22,6.28,33.67,0.945,1
22.22,28.55,1.09,8.71,0.106,0
67.46,70.1,3.15,24.84,0.32,1
12.23,22.83,7.14,26.49,0.298,0
78.35,67.94,0.02,32.77,0.562,1
114.64,70.13,2.39,31.74,0.83,1
61.53,55.66,4.44,20.07,0.853,0
51.96,46.68,2.67,20.27,0.449,0
4.3,37.41,2.18,5.86,0.339,0
115.17,70.41,3.68,34.12,0.955,1
12.36,11.69,1.45,8.93,0.154,0
4.93,10.63,4.24,25.37,0.129,0
29.53,31.91,5.65,27.85,0.473,0
7.86,13.55,4.6,15.44,0.177,0
54.61,54.5,0.74,7.39,0.505,0
61.93,47.28,6.76,6.61,0.709,0
37.51,70.37,1.4,29.98,0.365,1
6.12,6.9,6.12,17.88,0.417,0
13.39,33.47,2.88,3.15,0.345,0
46.14,32.23,6.26,25.1,0.535,0
7.26,22.35,1.65,8.76,0.194,0
83.78,64.4,1.49,30.67,0.683,1
24.84,8.27,3.98,10.84,0.207,0
36.25,44.15,0.26,7.01,0.347,0
47.3,69.12,1.8,2.97,0.464,0
49.99,42.06,5.79,17.9,0.508,1
0.2,28.21,6.7,15.78,0.168,1
13.45,43.35,0.65,26.3,0.195,0
103.53,69.62,7.06,16.26,1.0,1
0.15,18.1,6.38,12.03,0.233,0
60.98,25.13,6.96,9.16,0.969,0
58.74,59.12,5.59,9.74,0.821,0
39.97,41.63,5.39,32.47,0.711,1
51.76,36.14,4.2,5.78,0.643,1
93.67,68.67,5.22,34.59,1.0,1
100.94,63.42,7.35,11.44,0.916,1
31.24,32.72,0.8,3.09,0.0,0
38.7,49.69,2.53,8.7,0.407,0
29.1,22.03,0.58,2.04,0.309,0
57.58,63.48,7.56,27.65,0.82,1
81.99,45.12,3.56,17.94,0.736,1
27.39,29.37,5.4,11.79,0.609,0
39.69,65.94,6.73,23.17,0.733,0
111.65,88.77,7.93,22.07,1.0,1
5.83,28.79,1.29,32.9,0.064,0
55.29,38.6,6.4,33.64,0.53,1
85.39,57.07,7.1,23.82,1.0,1
18.05,34.0,0.39,28.62,0.231,0
5.68,28.01,6.03,27.73,0.288,0
16.58,31.37,2.84,17.2,0.226,0
110.26,74.25,5.19,24.66,0.928,1
1.11,22.93,4.11,2.74,0.161,0
22.6,17.87,2.08,26.53,0.102,0
3.75,20.49,1.08,33.66,0.0,0
13.28,41.95,0.94,2.97,0.22,0
74.42,42.07,0.83,29.26,0.474,0
29.0,35.77,5.1,32.65,0.601,0
68.31,45.9,2.81,7.92,0.642,1
70.82,58.21,1.73,18.37,0.649,0
101.93,66.21,5.54,32.48,0.863,1
0.57,42.98,5.49,33.61,0.351,0
102.4,77.16,4.31,4.48,0.985,1
74.29,42.69,7.48,12.22,0.899,1
19.53,41.84,3.08,24.44,0.349,0
92.75,57.44,6.69,7.75,1.0,1
102.66,64.27,0.6,11.37,0.753,1
30.51,42.5,5.92,0.82,0.626,1
110.26,68.71,7.91,5.37,1.0,1
54.53,60.25,6.77,19.68,0.527,1
72.41,48.29,4.64,22.86,0.741,1
118.16,70.74,5.01,22.71,1.0,1
43.38,36.65,2.83,27.24,0.521,0
97.58,62.12,5.44,14.53,0.963,1
38.21,55.38,6.16,9.57,0.58,0
95.91,75.7,7.99,0.55,0.954,1
72.09,77.96,3.94,7.23,0.844,1
25.96,63.89,0.49,10.93,0.414,0
49.68,34.99,4.77,6.24,0.488,0
38.12,43.0,0.95,0.71,0.505,0
9.37,15.1,1.96,5.51,0.07,0
3.58,17.28,2.63,23.31,0.111,0
41.58,36.15,5.85,22.04,0.759,1
2.28,13.34,1.47,32.75,0.219,0
19.86,21.31,1.33,27.94,0.18,0
87.02,62.43,0.36,19.87,0.692,1
84.97,48.64,6.99,4.81,0.885,1
88.63,74.99,5.55,19.74,0.586,1
38.06,31.11,0.32,2.16,0.198,0
106.8,100.0,0.23,15.08,0.87,1
71.26,51.65,4.47,13.66,0.664,1
15.12,32.67,2.26,14.97,0.305,0
17.25,17.22,4.77,9.79,0.47,0
83.17,82.9,3.48,24.0,0.793,1
20.75,47.77,7.39,29.43,0.432,0
60.88,55.96,2.3,26.9,0.622,1
119.01,62.39,5.43,21.97,0.981,0
0.48,27.74,0.43,18.84,0.093,0
1.99,12.44,7.65,1.09,0.322,0
119.17,96.17,7.85,25.3,1.0,1
70.16,66.28,5.91,19.07,0.539,1
15.23,33.0,3.72,9.48,0.288,0
107.68,44.22,1.76,11.47,0.756,1
105.65,60.74,6.5,32.75,0.897,1
64.34,62.21,5.89,21.85,0.873,1
74.62,73.13,1.78,16.66,0.785,1
32.78,53.06,3.61,21.73,0.479,0
6.06,8.62,3.7,14.48,0.175,0
71.35,60.73,6.61,16.46,0.81,1
35.37,53.1,5.47,10.16,0.56,1
79.63,40.94,5.15,15.39,0.731,1
100.35,70.06,5.2,24.0,0.921,1
2.18,29.27,2.16,1.4,0.225,0
71.49,53.56,2.97,27.83,0.745,0
27.75,15.26,0.37,9.9,0.057,0
104.87,68.28,6.3,23.89,0.878,1
30.44,34.77,3.46,22.5,0.197,0
73.29,56.2,3.51,22.84,0.798,1
66.42,48.13,1.96,21.28,0.601,0
47.54,41.08,1.68,33.57,0.502,0
81.31,61.12,4.7,17.79,0.627,1
87.09,69.5,1.86,25.63,0.956,1
68.03,51.96,0.51,24.69,0.461,0
91.01,61.04,6.14,8.27,0.924,1
118.01,79.21,3.01,9.92,1.0,1
50.31,24.59,3.04,14.84,0.337,0
61.75,58.51,3.45,9.72,0.576,0
1.5,25.67,6.52,12.84,0.375,0
95.52,68.46,2.57,13.68,1.0,1
62.43,64.62,6.06,21.14,0.806,0
48.96,23.6,7.52,7.7,0.817,0
11.29,6.39,5.29,28.15,0.434,0
106.76,76.33,3.45,15.31,0.971,1
47.4,46.24,5.98,24.72,0.512,0
81.91,63.9,3.66,2.85,0.896,0
17.92,27.52,3.32,16.45,0.134,0
115.39,84.9,4.2,0.99,1.0,0
21.41,45.83,2.54,23.66,0.385,0
23.95,41.58,0.83,12.03,0.0,0
103.08,68.26,3.32,33.22,0.835,1
109.51,48.99,0.99,11.34,0.829,1
25.46,45.69,3.28,19.73,0.382,0
56.38,65.03,4.46,9.01,0.763,1
88.02,72.34,7.45,21.7,0.877,1
105.4,61.88,0.29,16.35,0.588,1
45.49,53.55,4.97,12.97,0.596,0
62.04,63.25,3.66,7.13,0.671,0
89.01,83.76,0.16,3.9,0.689,1
87.74,53.97,2.0,4.2,0.846,1
93.96,64.56,0.95,34.97,0.621,0
68.39,64.74,1.73,14.43,0.665,1
12.55,31.34,2.2,0.07,0.263,0
108.48,60.41,3.21,33.35,0.685,1
103.87,76.72,4.23,0.7,0.786,1
95.77,75.04,0.01,14.65,0.731,1
11.98,31.45,1.29,25.11,0.454,0
24.53,38.67,0.75,32.01,0.351,1
89.23,62.05,4.4,24.95,0.622,1
2.78,43.99,2.63,16.23,0.0,0
117.51,67.07,4.39,34.11,1.0,1
45.26,38.32,1.77,1.38,0.413,0
86.32,63.97,0.19,34.54,0.79,1
106.51,83.48,7.53,29.73,1.0,1
47.36,28.34,0.87,32.51,0.408,0
38.3,26.51,1.01,8.92,0.422,0
73.05,33.42,1.17,4.99,0.47,0
69.72,56.77,7.85,23.22,0.801,1
49.1,33.67,4.94,18.06,0.558,0
72.21,52.88,4.88,18.31,0.798,0
112.25,83.45,7.89,32.36,1.0,1
56.12,42.55,0.71,21.7,0.568,0
23.61,38.4,7.8,10.89,0.502,0
45.26,41.78,1.63,14.0,0.271,0
47.29,54.35,4.98,4.67,0.854,0
15.73,37.78,3.36,6.73,0.266,0
19.54,25.49,3.07,5.02,0.237,0
82.15,59.94,7.45,28.36,0.901,0
40.74,55.86,1.19,24.67,0.446,0
114.59,81.29,7.98,18.56,1.0,1
29.23,21.39,3.03,13.1,0.337,0
11.87,38.21,5.19,23.4,0.39,0
90.42,52.67,7.74,28.45,0.958,1
105.72,89.53,0.46,30.84,0.563,1
33.37,52.31,7.38,19.15,0.862,1
24.25,39.39,4.54,28.7,0.417,0
22.29,36.92,5.64,17.9,0.53,0
62.64,50.68,1.19,16.61,0.365,0
56.21,58.44,4.27,30.29,0.59,0
31.13,34.56,5.39,13.52,0.406,0
5.42,30.27,3.65,13.86,0.45,0
57.78,61.46,1.24,10.67,0.473,0
115.12,70.06,1.95,18.15,0.978,1
78.3,52.84,6.84,19.07,0.763,1
59.46,37.42,0.28,23.12,0.379,0
13.28,18.2,5.67,15.07,0.324,0
30.29,16.69,8.0,7.62,0.681,0
35.37,49.68,0.06,30.34,0.118,0
91.78,88.01,1.29,12.11,0.646,1
105.21,89.45,5.39,32.3,0.806,1
108.2,54.18,0.48,7.26,0.61,1
118.15,86.86,4.72,19.6,0.972,1
117.88,95.11,5.47,18.78,0.932,1
114.36,70.98,4.71,29.0,0.909,1
8.62,30.1,2.92,4.86,0.019,0
16.54,8.35,5.58,31.85,0.211,0
36.54,44.64,4.75,18.6,0.666,0
66.35,42.09,1.66,20.51,0.587,0
11.64,32.63,4.51,17.86,0.37,0
101.5,51.94,7.06,1.26,0.842,1
74.01,64.82,5.33,17.4,0.615,1
65.08,66.58,3.77,9.22,0.562,0
19.84,24.53,2.57,11.99,0.279,0
30.39,25.03,0.69,22.72,0.367,0
19.24,7.78,1.96,17.42,0.309,0
102.23,67.81,0.09,3.26,0.816,1
70.11,49.57,7.89,2.56,0.743,0
88.22,46.08,1.78,6.5,0.669,1
35.52,46.42,6.52,6.68,0.555,0
44.55,39.65,1.35,21.29,0.385,0
48.58,33.95,2.27,6.22,0.691,1
91.2,59.39,3.35,30.86,0.576,0
92.68,79.56,2.6,7.34,0.804,1
24.82,43.4,6.39,3.19,0.67,1
112.98,74.28,7.66,30.65,0.943,1
14.48,38.94,7.0,10.34,0.405,0
107.53,59.46,1.23,14.89,0.722,1
12.05,30.81,6.21,33.57,0.385,0
31.74,41.05,1.18,33.05,0.151,0
101.58,65.07,7.31,25.02,1.0,1
21.54,39.92,4.14,2.41,0.486,0
49.63,37.97,2.69,20.77,0.543,0
53.98,55.41,1.26,34.62,0.4,0
29.43,44.87,0.09,33.14,0.311,0
85.23,28.35,1.98,3.71,0.492,0
102.16,85.26,7.31,13.86,1.0,1
104.95,35.66,6.38,11.04,1.0,1
40.72,35.93,7.76,4.54,0.645,0
63.7,65.97,0.81,24.32,0.428,1
29.81,34.61,4.74,9.58,0.476,1
29.38,20.62,2.06,12.07,0.136,0
19.35,20.58,4.34,3.16,0.195,0
112.8,88.08,2.56,17.43,0.835,1
106.56,49.89,2.27,5.54,0.736,1
93.28,80.53,4.59,15.12,1.0,1
62.12,52.29,1.47,5.02,0.613,1
58.87,37.18,3.75,33.38,0.631,1
63.57,46.61,5.21,5.07,0.55,0
64.39,41.77,1.03,18.27,0.437,0
52.15,58.86,7.44,6.89,0.787,1
15.81,40.9,4.05,2.67,0.302,0
15.08,11.16,6.56,7.08,0.341,0
114.27,71.58,5.23,1.92,1.0,1
57.84,40.67,5.68,4.88,0.61,1
114.38,92.0,5.73,17.27,1.0,1
19.63,17.63,7.0,22.81,0.628,0
66.53,74.19,4.91,3.06,0.756,0
24.93,35.82,2.23,15.44,0.475,0
30.38,24.73,0.8,20.34,0.333,0
3.61,18.5,4.85,8.2,0.098,0
14.27,21.8,0.53,13.02,0.033,0
110.02,59.21,1.93,2.51,0.725,1
38.58,43.5,0.49,7.7,0.255,0
72.98,43.1,4.39,16.34,0.673,1
55.8,23.95,1.28,34.67,0.484,0
48.05,42.07,4.88,34.87,0.726,1
63.83,32.09,6.33,34.29,0.716,0
22.47,26.08,6.58,14.81,0.409,1
118.63,67.48,2.48,2.82,0.667,0
98.2,58.73,4.39,11.33,0.871,1
88.99,89.06,4.5,8.32,0.925,1
56.25,50.99,3.78,0.49,0.624,1
18.35,36.2,5.24,3.33,0.675,1
110.48,53.4,1.68,15.86,0.946,1
40.97,35.59,7.83,11.89,0.731,0
6.01,30.29,0.78,6.31,0.047,0
41.09,31.2,6.63,25.06,0.513,0
95.33,78.8,4.75,12.5,0.918,1
74.73,44.19,1.96,29.82,0.506,0
90.1,62.11,5.97,8.43,0.956,1
95.24,60.82,0.68,18.84,0.749,1
25.43,38.42,6.2,6.44,0.372,1
110.85,67.2,4.72,17.34,1.0,1
52.56,45.4,0.89,5.34,0.462,1
76.68,56.67,0.64,5.66,0.39,0
0.28,16.31,6.01,21.43,0.29,0
119.2,84.46,2.34,9.23,1.0,1
33.71,43.03,7.11,6.03,0.713,0
